{
    "epoch": 5.0,
    "total_flos": 5.808426314838835e+16,
    "train_loss": 0.1002774416045709,
    "train_runtime": 685.3584,
    "train_samples_per_second": 2.553,
    "train_steps_per_second": 0.16
}