{
    "epoch": 4.988864142538976,
    "total_flos": 1.0765678775841587e+17,
    "train_loss": 0.0,
    "train_runtime": 1034.5796,
    "train_samples_per_second": 8.68,
    "train_steps_per_second": 0.541
}