{
    "epoch": 5.0,
    "total_flos": 6.643742424642355e+16,
    "train_loss": 0.0824872608889233,
    "train_runtime": 901.6259,
    "train_samples_per_second": 1.941,
    "train_steps_per_second": 0.122
}