{
    "epoch": 5.0,
    "total_flos": 5.795710688349389e+16,
    "train_loss": 0.04264527213844386,
    "train_runtime": 601.2468,
    "train_samples_per_second": 2.911,
    "train_steps_per_second": 0.183
}