{
    "epoch": 4.9655172413793105,
    "total_flos": 6.034709109591245e+16,
    "train_loss": 0.03414440508931875,
    "train_runtime": 808.0418,
    "train_samples_per_second": 3.589,
    "train_steps_per_second": 0.223
}