{
    "epoch": 5.0,
    "total_flos": 5.795710688349389e+16,
    "train_loss": 0.043398498676039954,
    "train_runtime": 601.5894,
    "train_samples_per_second": 2.909,
    "train_steps_per_second": 0.183
}