{
    "epoch": 4.9655172413793105,
    "total_flos": 5.867033559511859e+16,
    "train_loss": 0.010987476507822672,
    "train_runtime": 751.3031,
    "train_samples_per_second": 3.86,
    "train_steps_per_second": 0.24
}