{
    "epoch": 4.938271604938271,
    "total_flos": 5.716840217470566e+16,
    "train_loss": 0.06245160445570946,
    "train_runtime": 389.9563,
    "train_samples_per_second": 4.129,
    "train_steps_per_second": 0.256
}