{
    "epoch": 5.0,
    "total_flos": 5.795710688349389e+16,
    "train_loss": 0.04281553507528522,
    "train_runtime": 684.8741,
    "train_samples_per_second": 2.555,
    "train_steps_per_second": 0.161
}