{
    "epoch": 4.9655172413793105,
    "total_flos": 5.775817393045504e+16,
    "train_loss": 0.07320225511988004,
    "train_runtime": 756.3307,
    "train_samples_per_second": 3.834,
    "train_steps_per_second": 0.238
}