{
    "epoch": 4.9655172413793105,
    "total_flos": 6.034709109591245e+16,
    "train_loss": 0.03245595855017503,
    "train_runtime": 808.4735,
    "train_samples_per_second": 3.587,
    "train_steps_per_second": 0.223
}