{
    "epoch": 4.9655172413793105,
    "total_flos": 4.813996699104051e+16,
    "train_loss": 0.1704205416970783,
    "train_runtime": 720.4298,
    "train_samples_per_second": 4.025,
    "train_steps_per_second": 0.25
}