{
    "epoch": 4.9655172413793105,
    "total_flos": 8.876752400652698e+16,
    "train_loss": 0.10928408097889689,
    "train_runtime": 1094.2059,
    "train_samples_per_second": 2.65,
    "train_steps_per_second": 0.165
}