{
    "epoch": 4.9655172413793105,
    "total_flos": 4.813996699104051e+16,
    "train_loss": 0.17218367076582378,
    "train_runtime": 634.9261,
    "train_samples_per_second": 4.567,
    "train_steps_per_second": 0.283
}