{
    "epoch": 4.9655172413793105,
    "total_flos": 5.948660943054438e+16,
    "train_loss": 0.07499576980868976,
    "train_runtime": 820.7179,
    "train_samples_per_second": 3.533,
    "train_steps_per_second": 0.219
}