{
    "epoch": 5.0,
    "total_flos": 5.808426314838835e+16,
    "train_loss": 0.10101696293462406,
    "train_runtime": 685.274,
    "train_samples_per_second": 2.554,
    "train_steps_per_second": 0.161
}