{
    "epoch": 4.9655172413793105,
    "total_flos": 4.813996699104051e+16,
    "train_loss": 0.172708012494776,
    "train_runtime": 635.8873,
    "train_samples_per_second": 4.561,
    "train_steps_per_second": 0.283
}