{
    "epoch": 4.9655172413793105,
    "total_flos": 5.948661013099315e+16,
    "train_loss": 0.06322533228538102,
    "train_runtime": 1733.9381,
    "train_samples_per_second": 1.672,
    "train_steps_per_second": 0.208
}