{
    "epoch": 4.9655172413793105,
    "total_flos": 4.885187768457626e+16,
    "train_loss": 0.2028244803349177,
    "train_runtime": 722.8468,
    "train_samples_per_second": 4.012,
    "train_steps_per_second": 0.249
}