{
    "epoch": 5.0,
    "total_flos": 5.3721801407699354e+17,
    "train_loss": 0.13389612165364354,
    "train_runtime": 4824.7824,
    "train_samples_per_second": 0.363,
    "train_steps_per_second": 0.023
}