{
    "epoch": 4.9655172413793105,
    "total_flos": 4.452437783667016e+17,
    "train_loss": 0.21864855306016073,
    "train_runtime": 5206.8757,
    "train_samples_per_second": 0.557,
    "train_steps_per_second": 0.035
}