{
    "epoch": 4.9655172413793105,
    "total_flos": 5.948660943054438e+16,
    "train_loss": 0.07316920891818073,
    "train_runtime": 818.8612,
    "train_samples_per_second": 3.542,
    "train_steps_per_second": 0.22
}