{
    "epoch": 5.0,
    "total_flos": 5.3604193606723174e+17,
    "train_loss": 0.042061504755507816,
    "train_runtime": 4820.8185,
    "train_samples_per_second": 0.363,
    "train_steps_per_second": 0.023
}