{
    "epoch": 4.988864142538976,
    "total_flos": 1.2982600676776346e+17,
    "train_loss": 0.03762926705468479,
    "train_runtime": 1193.3741,
    "train_samples_per_second": 7.525,
    "train_steps_per_second": 0.469
}