{
    "epoch": 5.0,
    "total_flos": 6.18362590682153e+16,
    "train_loss": 0.12117772915146567,
    "train_runtime": 726.2408,
    "train_samples_per_second": 2.41,
    "train_steps_per_second": 0.151
}